{"cameraMode":{"drawMode":0,"name":"Shaded","section":"Shading Mode"},"sceneLighting":false,"audioPlay":false,"sceneViewState":{"m_AlwaysRefresh":false,"showFog":true,"showSkybox":false,"showFlares":true,"showImageEffects":true,"showParticleSystems":true,"showVisualEffectGraphs":true,"m_FxEnabled":true},"in2DMode":false,"pivot":{"x":-29.139999389648439,"y":0.2528800964355469,"z":32.25764465332031},"rotation":{"x":0.22689495980739594,"y":0.03018570877611637,"z":-0.0070359245873987679,"w":0.973427951335907},"size":6.3318305015563969,"orthographic":false}